{
    "0": [
        8.300621565230406e-05,
        3.0243495367294782e-09
    ],
    "1": [
        -2.804129991010462e-05,
        1.903663295705279e-09
    ],
    "2": [
        0.00014027049957406867,
        3.4587748379521685e-09
    ],
    "3": [
        0.00011589126121102891,
        1.5716224127759743e-09
    ],
    "4": [
        0.00016875758496775773,
        4.242472633748876e-09
    ],
    "5": [
        9.932401311711217e-05,
        2.290626102646842e-09
    ],
    "6": [
        9.494292719364631e-05,
        1.776035845870524e-09
    ],
    "7": [
        0.00012652361303520132,
        4.4417909844597336e-09
    ],
    "8": [
        0.00010751406550357323,
        1.3921414815052542e-09
    ],
    "9": [
        0.00012260521750627682,
        2.657509477716762e-09
    ]
}