{
    "0": [
        8.710314198451126e-05,
        3.025837519236661e-09,
        -4.9073129001671584e-05,
        9.3615899306114e-10
    ],
    "1": [
        -3.306584562593521e-05,
        1.9100718830934573e-09,
        -0.00015441753789396985,
        8.173285037841749e-10
    ],
    "2": [
        0.00013989421980247502,
        3.4545666545523775e-09,
        -4.867096701118341e-06,
        8.444339771930931e-10
    ],
    "3": [
        0.0001139754103476987,
        1.6008575242162154e-09,
        4.057275532850725e-05,
        4.719012483131045e-10
    ],
    "4": [
        0.0001718015441442573,
        4.231012467912737e-09,
        1.7160713118687844e-05,
        9.199620727646897e-10
    ],
    "5": [
        9.830388454653671e-05,
        2.2653372751442904e-09,
        -1.3725188736359977e-05,
        7.641960563824249e-10
    ],
    "6": [
        9.354867426779267e-05,
        1.8084559511674882e-09,
        4.561351448816676e-06,
        6.183952353226799e-10
    ],
    "7": [
        0.0001261812568230396,
        4.558249886881977e-09,
        -3.783447209472839e-05,
        1.027152645668851e-09
    ],
    "8": [
        0.00011439179808853476,
        1.435383936694735e-09,
        4.92554031166826e-05,
        4.479910550810357e-10
    ],
    "9": [
        0.000122324003588737,
        2.614262011943487e-09,
        1.6031102880045655e-05,
        7.134081932370335e-10
    ]
}