{
    "0": [
        8.300621565230406e-05,
        3.0243495367294782e-09,
        -5.14987304875651e-05,
        9.215394800814595e-10
    ],
    "1": [
        -2.804129991010462e-05,
        1.903663295705279e-09,
        -0.00014975301124856935,
        8.219349200945038e-10
    ],
    "2": [
        0.00014027049957406867,
        3.4587748379521685e-09,
        -3.970407704413604e-06,
        8.389915802532051e-10
    ],
    "3": [
        0.00011589126121102891,
        1.5716224127759743e-09,
        4.257394773945649e-05,
        4.747187114278412e-10
    ],
    "4": [
        0.00016875758496775773,
        4.242472633748876e-09,
        1.4094808468668772e-05,
        9.188715821261143e-10
    ],
    "5": [
        9.932401311711217e-05,
        2.290626102646842e-09,
        -1.267369329623223e-05,
        7.612164943818872e-10
    ],
    "6": [
        9.494292719364631e-05,
        1.776035845870524e-09,
        6.081796547572116e-06,
        6.203642950983728e-10
    ],
    "7": [
        0.00012652361303520132,
        4.4417909844597336e-09,
        -3.603172637289217e-05,
        1.025142141340355e-09
    ],
    "8": [
        0.00010751406550357323,
        1.3921414815052542e-09,
        4.340172544590881e-05,
        4.427823806296197e-10
    ],
    "9": [
        0.00012260521750627682,
        2.657509477716762e-09,
        1.4739755094951142e-05,
        7.235741682601229e-10
    ]
}