{
    "0": -0.3310000000086841,
    "1": 0.3149999999909596,
    "2": -0.3110000000086952,
    "3": 0.23399999999100274,
    "4": -0.047000000008841525,
    "5": -0.36000000000866805,
    "6": -0.08900000000881825,
    "7": -0.20100000000875617,
    "8": -0.3430000000086775,
    "9": 0.2399999999909994
}