{
    "0": -2.2470000000076222,
    "1": -2.2720000000076084,
    "2": -1.1960000000082047,
    "3": -1.0700000000082746,
    "4": -1.5370000000080157,
    "5": -1.5380000000080152,
    "6": -1.4990000000080368,
    "7": -2.121000000007692,
    "8": -1.3720000000081072,
    "9": -1.975000000007773
}