{
    "0": -2.9110000000072542,
    "1": -1.4110000000080856,
    "2": -1.690000000007931,
    "3": -1.2130000000081953,
    "4": -1.6270000000079659,
    "5": -2.015000000007751,
    "6": -2.444000000007513,
    "7": -2.0170000000077497,
    "8": -1.982000000007769,
    "9": -2.8650000000072797
}