{
    "0": -0.31400000000869355,
    "1": -0.5240000000085772,
    "2": -0.4590000000086132,
    "3": -0.7160000000084707,
    "4": -1.0580000000082812,
    "5": -0.7250000000084658,
    "6": -0.2690000000087185,
    "7": -0.5530000000085611,
    "8": -0.9340000000083499,
    "9": -0.8510000000083959
}