{
    "0": -1.7970000000078716,
    "1": -2.641000000007404,
    "2": -1.7500000000078977,
    "3": -1.5820000000079908,
    "4": -1.3880000000080983,
    "5": -2.52200000000747,
    "6": -2.1540000000076738,
    "7": -1.7960000000078722,
    "8": -2.7950000000073185,
    "9": -1.6010000000079803
}