{
    "0": -0.9650000000083327,
    "1": -1.1960000000082047,
    "2": -1.3250000000081332,
    "3": -2.220000000007637,
    "4": -1.1940000000082058,
    "5": -2.5260000000074676,
    "6": -1.8330000000078517,
    "7": -1.7740000000078844,
    "8": -1.3750000000081055,
    "9": -1.5630000000080013
}