{
    "0": -1.2790000000081587,
    "1": -1.4260000000080773,
    "2": -0.4750000000086043,
    "3": -0.8630000000083893,
    "4": -0.6490000000085079,
    "5": -1.7670000000078883,
    "6": -1.0400000000082912,
    "7": -1.2610000000081687,
    "8": -0.9590000000083361,
    "9": -0.9920000000083178
}