{
    "0": -2.6990000000073717,
    "1": -1.1390000000082363,
    "2": -2.5140000000074743,
    "3": -1.6380000000079598,
    "4": -2.4360000000075175,
    "5": -2.6630000000073917,
    "6": -1.984000000007768,
    "7": -2.054000000007729,
    "8": -1.8040000000078678,
    "9": -2.534000000007463
}