{
    "0": -1.300000000008147,
    "1": -0.7240000000084663,
    "2": -1.071000000008274,
    "3": -0.8790000000083804,
    "4": -0.5440000000085661,
    "5": -1.1410000000082352,
    "6": -1.2150000000081942,
    "7": -1.8580000000078378,
    "8": -1.3170000000081377,
    "9": -1.2710000000081632
}